<?xml version="1.0" encoding="UTF-8" standalone="yes"?>
<addon id="plugin.image.bancasapo" name="Banca Sapo" version="3.0.1" provider-name="enen92">
    <requires>
        <import addon="xbmc.python" version="2.25.0"/>
        <import addon="script.module.routing" version="0.2.0"/>
        <import addon="script.module.requests" version="2.22.0"/>
    </requires>
    <extension point="xbmc.python.pluginsource" library="main.py">
        <provides>image</provides>
    </extension>
    <extension point="xbmc.addon.metadata">
        <summary lang="en_GB">Daily portuguese newspapper covers in Kodi</summary>
        <summary lang="pt_PT">Capas diárias dos jornais portugueses no Kodi</summary>
        <description lang="en_GB">A Kodi image plugin for Banca Sapo</description>
        <description lang="pt_PT">Um plugin para o Kodi para aceder à Banca Sapo</description>
        <language>pt</language>
        <platform>all</platform>
        <license>GPL-3.0</license>
        <website>https://24.sapo.pt/jornais</website>
        <email>enen92@kodi.tv</email>
        <source>https://github.com/enen92/plugin.image.bancasapo</source>
        <news>
            3.0.1:
                - Automatic submissions to krypton and matrix
                - Fix languages
                - Addon-check fixes
        </news>
        <disclaimer lang="en_GB">Addon not endorsed by SAPO</disclaimer>
        <disclaimer lang="pt_PT">Addon não desenvolvido pelo SAPO</disclaimer>
        <assets>
            <icon>resources/images/icon.png</icon>
            <fanart>resources/images/fanart.jpg</fanart>
            <screenshot>resources/images/screenshot-01.jpg</screenshot>
            <screenshot>resources/images/screenshot-02.jpg</screenshot>
            <screenshot>resources/images/screenshot-03.jpg</screenshot>
            <screenshot>resources/images/screenshot-04.jpg</screenshot>
        </assets>
    </extension>
</addon>
