<?xml version="1.0" encoding="UTF-8" standalone="yes"?>
<addon id="plugin.program.advancedsettings"
       name="Easy Advanced Settings"
       version="0.8.8"
       provider-name="TTMedia">
    <requires>
        <import addon="xbmc.python" version="2.1.0"/>
    </requires>
    <extension point="xbmc.python.pluginsource"
               	library="default.py">
        <provides>video executable</provides>
    </extension>
    <extension point="xbmc.addon.metadata">
        <platform>all</platform>
        <summary>CREATE,VIEW,EDIT AND DELETE YOUR ADVANCEDSETTINGS.XML FILE</summary>
        <description>WITH THIS TOOL YOU CAN CREATE YOUR ADVANCED SETTINGS DIRECTLY IN KODI..IF YOU DON'T KNOW WHAT A SETTING DOES, DON'T ENABLE IT!</description>
        <platform>all</platform>
        <language>en</language>
        <license>GNU GENERAL PUBLIC LICENSE</license>
        <forum></forum>
        <website></website>
        <source></source>
        <email></email>
    </extension>
	
</addon>
