<?xml version="1.0" encoding="UTF-8" standalone="yes"?>
<addons>
<addon id="plugin.video.exodus" version="8.6.3" name="Exodus" provider-name="Exodus">
	<requires>
		<import addon="xbmc.python" version="2.19.0" />
		<import addon="script.module.exodus" />
		<import addon="script.exodus.artwork" />
		<import addon="script.exodus.metadata" />
		<import addon="script.module.urlresolver" />
		<import addon="script.module.requests" />
		<import addon="script.module.exoscrapers" />
		<import addon="script.module.metahandler" version="1.0.0" />
		<import addon="repository.kodibae" />
	</requires>
	<extension point="xbmc.python.pluginsource" library="default.py">
		<provides>video</provides>
	</extension>
	<extension point="xbmc.service" library="service.py" start="startup" />
	<extension point="xbmc.addon.metadata">
		<summary lang="en">Exodus</summary>
		<description lang="en">Please visit [COLOR blue]www.exodusvpn.com[/COLOR] for Exodus support and assistance! Kindly note that Exodus is not an official part of the media player you are running, and therefore not to be mentioned within official support channels, this addon has nothing to do with the media player itself, nor itâ€™s intended use, it is simply a third party plugin which has been added to your system.</description>
		<disclaimer lang="en">The author does not host or distribute any of the content displayed by this addon. The author does not have any affiliation with the content provider.</disclaimer>
		<description lang="de">Bitte besuche [COLOR blue]www.exodusvpn.com[/COLOR] fÃ¼r UnterstÃ¼tzung und Fragen zu Exodus! Beachte dabei, dass Exodus nicht offizieller Teil des Media Players ist den du gerade verwendest und daher nicht von dem offiziellen Support-KanÃ¤le abgedeckt wird, dieses Addon hat nichts zu tun mit dem Media-Player selbst, noch ist es dafÃ¼r beabsichtigt, es handelt sich hierbei lediglich um ein Drittanbieter-Anwendung die dem System hinzugefÃ¼gt wurde.</description>
		<disclaimer lang="de">Die von diesem Addon dargestellten Inhalte werden von den Erstellern des Addons weder gehostet oder verbreitet, noch stehen die Ersteller in irgendeiner Beziehung zu den Content-Anbietern.</disclaimer>
		<description lang="fr">SVP visitez [COLOR blue]www.exodusvpn.com[/COLOR] pour avoir de l'aide sur Exodus. Prenez note qu'Exodus n'est pas une partie intÃ©grante de votre outil de visionnement multimedia et SVP ne le mentionnez pas dans les media sociaux officiels, cet addiciel n'a rien a voir avec votre lecteur multimedia lui mÃªme, c'est simplement un addiciel qui a Ã©tÃ© ajoutÃ© Ã  votre systÃ¨me.</description>
		<disclaimer lang="fr">L'auteur n'hÃ©berge pas ou ne distribue pas le contenu qui vous est affichÃ© avec cet addiciel. L'auteur n'a pas d'alliance avec les distributeurs de contenu.</disclaimer>
		<platform>all</platform>
		<license>GNU GENERAL PUBLIC LICENSE. Version 3, 29 June 2007</license>
		<website>https://www.exodusvpn.com/</website>
		<assets>
			<icon>icon.png</icon>
			<fanart>fanart.jpg</fanart>
    			<screenshot></screenshot>
		</assets>
		<news></news>
	</extension>
</addon>

<addon id="plugin.video.f4mTester" version="3.0.1.1" name="f4mTester" provider-name="Shani">
    <requires>
        <import addon="xbmc.python" version="2.1.0"/>
        <import addon="script.video.F4mProxy" version="3.0.1.1"/>
    </requires>
    <extension point="xbmc.python.pluginsource" library="default.py">
        <provides>video</provides>
    </extension>


    <extension point="xbmc.addon.metadata">
        <summary>f4mTester</summary>
        <description></description>
        <platform>all</platform>
    </extension>
</addon>

<addon id="plugin.video.kuala"name="[COLOR lime][B]kuala [/B][/COLOR]"version="1.0"provider-name="kuala">
  <requires>
    <import addon="xbmc.python" version="2.1.0"/>
    <import addon="script.module.beautifulsoup" version="3.2.1"/>
    <import addon="script.module.simple.downloader" version="0.9.4"/>
    <import addon="script.module.beautifulsoup4" />
    <import addon="script.module.requests" />
    <import addon="script.module.httplib2" />
    <import addon="script.module.youtube.dl" optional="true"/>
    <import addon="plugin.video.youtube" optional="true" />
    <import addon="script.module.urlresolver" optional="true"/>
    <import addon="script.module.simplejson" />
	<import addon="script.module.livestreamer" optional="true"/>
  </requires>
  <extension point="xbmc.python.pluginsource" library="default.py">
    <provides>video</provides>
  </extension>
  <extension point="xbmc.addon.metadata">
    <summary>BY TEAM MILHANO</summary>
    <description>TEAM MILHANO "WE LEAD THE WAY"
 </description>
    <platform>all</platform>
  </extension>
</addon>

<addon id="repo.kuala" name="Kuala Repositorio" version="0.0.4" provider-name="akuala">
    <extension point="xbmc.addon.repository" name="repository apollo">
        <info compressed="true">https://raw.githubusercontent.com/akuala/Repo.Kuala-1/master/addons.xml</info>
        <checksum>https://raw.githubusercontent.com/akuala/Repo.Kuala-1/master/addons.xml.md5</checksum>
		<datadir zip="true">https://raw.githubusercontent.com/akuala/Repo.Kuala-1/master/master/</datadir>
	</extension>
	<extension point="xbmc.addon.metadata">
        <description>O AUTOR NAO E RESPONSAVEL POR QUALQUER CONTEUDOS ENCONTRADO NESSE ADDON</description>
		<disclaimer lang="en">O AUTOR NAO E DE FORMA ALGUMA FILIADO O KODI OU TEAM KODI, ESSES CONTEUDOS OU RECURSOS SEM FIM LUCRATIVOS ORGANIZADO EXCLUSIVAMENTE PARA FINS EDUCA CIONAIS E PROTEGIDO PELA DOUTRINA DE USO DA LEI DE DIREITOS AUTORAIS ESPECIFICAMENTE A SECAO 107 QUE PROMOVE A LIBERDADE DE EXPRESSAO PERMITIDO O USO DE OBRAS PROTEGIDAS POR DIREITOS AUTORAIS.</disclaimer>
		<platform>all</platform>
		<website/>
        <video_guide></video_guide>
        <reuselanguageinvoker>false</reuselanguageinvoker>
      <assets>
      	<icon>icon.png</icon>
    	<fanart>fanart.jpg</fanart>
        <screenshot>resources/screenshots/01.jpg</screenshot>
        <screenshot>resources/screenshots/02.jpg</screenshot>
        <screenshot>resources/screenshots/03.jpg</screenshot>
      </assets>
	</extension>
</addon>
</addons>
